wavelength_nm,n,k
400,1.525400,
2000,1.525400,
